{
  "results": {
    "enhanced_tgnn": {
      "accuracy": 0.5446428571428571,
      "precision": 0.6139093771566598,
      "recall": 0.5446428571428571,
      "f1_score": 0.47451793217286914,
      "confusion_matrix": [
        [
          44,
          0,
          11,
          0
        ],
        [
          0,
          62,
          0,
          1
        ],
        [
          41,
          0,
          13,
          0
        ],
        [
          30,
          19,
          0,
          3
        ]
      ]
    },
    "improved_transformer_gnn": {
      "accuracy": 0.5401785714285714,
      "precision": 0.6676048136645962,
      "recall": 0.5401785714285714,
      "f1_score": 0.45728951958141745,
      "confusion_matrix": [
        [
          44,
          0,
          11,
          0
        ],
        [
          0,
          63,
          0,
          0
        ],
        [
          41,
          0,
          13,
          0
        ],
        [
          30,
          21,
          0,
          1
        ]
      ]
    },
    "advanced_rvnn": {
      "accuracy": 0.5357142857142857,
      "precision": 0.5506862465389508,
      "recall": 0.5357142857142857,
      "f1_score": 0.4549257298048595,
      "confusion_matrix": [
        [
          44,
          0,
          11,
          0
        ],
        [
          0,
          62,
          0,
          1
        ],
        [
          41,
          0,
          13,
          0
        ],
        [
          30,
          21,
          0,
          1
        ]
      ]
    }
  },
  "histories": {
    "enhanced_tgnn": {
      "train_loss": [
        1.2754523465127656,
        1.0615883740511807,
        0.9810233730258364,
        0.9557545094779043,
        0.9187091877966216,
        0.9143642313552626,
        0.9092780225204699,
        0.9249054536674962,
        0.9057934789946585,
        0.9104453758759932,
        0.8906564477718237,
        0.8817525957569932,
        0.890274029789549,
        0.9178943435351054,
        0.8912848360610731,
        0.890379219344168,
        0.8702874472647002,
        0.8688421032645486,
        0.8725072055151968,
        0.9011522712129535,
        0.8638923186244387,
        0.8766196695241061
      ],
      "val_loss": [
        1.255520956856864,
        1.14199321610587,
        1.010931032044547,
        0.9983122178486415,
        1.0001746586390905,
        1.0212118881089347,
        0.9601839525359017,
        0.9378675307546344,
        0.9798787832260132,
        0.9666608657155719,
        0.961284943989345,
        0.9465079052107674,
        0.9392002735819135,
        0.9679396322795323,
        0.9580073441777911,
        0.9542373674256461,
        0.9483063817024231,
        0.9420732515198844,
        0.9503764595304217,
        0.9418643883296421,
        0.9385087490081787,
        0.9200377379144941
      ],
      "train_acc": [
        34.32406519654842,
        48.897411313518695,
        49.56855225311601,
        49.28092042186002,
        51.965484180249284,
        50.52732502396932,
        53.02013422818792,
        50.43144774688399,
        51.3902205177373,
        51.67785234899329,
        51.965484180249284,
        50.81495685522531,
        49.760306807286675,
        50.62320230105465,
        52.444870565675934,
        52.348993288590606,
        55.129434324065194,
        52.06136145733461,
        53.307766059443914,
        52.6366251198466,
        53.787152444870564,
        52.6366251198466
      ],
      "val_acc": [
        36.32286995515695,
        31.838565022421523,
        51.5695067264574,
        51.5695067264574,
        46.18834080717489,
        48.4304932735426,
        52.46636771300449,
        47.53363228699551,
        52.01793721973094,
        51.5695067264574,
        45.73991031390135,
        46.63677130044843,
        50.672645739910315,
        47.98206278026906,
        50.224215246636774,
        52.46636771300449,
        48.87892376681614,
        47.53363228699551,
        50.224215246636774,
        51.5695067264574,
        52.01793721973094,
        49.327354260089685
      ]
    },
    "improved_transformer_gnn": {
      "train_loss": [
        1.203794584129796,
        1.0004007111896167,
        0.9351333325559442,
        0.9289591493028583,
        0.9096558383016875,
        0.9219747456637296,
        0.8892114794615543,
        0.891005069920511,
        0.8841662695913604,
        0.8901727181492429,
        0.8714401432962129,
        0.8751474889841947,
        0.9150551087928541,
        0.888711457902735,
        0.8782153599189989,
        0.8435980966596892,
        0.8646409710248312,
        0.8591128063924385,
        0.8649347243887006,
        0.8905632929368452,
        0.8329858617349104
      ],
      "val_loss": [
        1.1187594958714075,
        0.9986233030046735,
        0.9889284116881234,
        0.9400603515761239,
        0.9369650653430394,
        0.931396654673985,
        0.921337902545929,
        0.941387585231236,
        0.9244904603276934,
        0.9028611098017011,
        0.8980852620942252,
        0.8926608051572528,
        0.9081303988184247,
        0.8885979396956307,
        0.8823876551219395,
        0.8813822780336652,
        0.8521724683897836,
        0.8303193024226597,
        0.8503188065120152,
        0.8977122051375253,
        0.8928016935076032
      ],
      "train_acc": [
        43.04889741131352,
        48.22627037392138,
        53.21188878235858,
        51.19846596356663,
        51.3902205177373,
        51.29434324065196,
        52.25311601150527,
        51.102588686481305,
        52.06136145733461,
        52.828379674017256,
        51.86960690316395,
        50.71907957813998,
        52.348993288590606,
        50.81495685522531,
        51.486097794822626,
        55.129434324065194,
        53.97890699904123,
        53.40364333652924,
        54.07478427612656,
        51.86960690316395,
        53.787152444870564
      ],
      "val_acc": [
        51.5695067264574,
        52.01793721973094,
        52.01793721973094,
        51.12107623318386,
        51.5695067264574,
        52.46636771300449,
        50.224215246636774,
        50.672645739910315,
        52.01793721973094,
        49.327354260089685,
        49.775784753363226,
        49.327354260089685,
        49.775784753363226,
        48.87892376681614,
        48.87892376681614,
        49.775784753363226,
        48.4304932735426,
        52.46636771300449,
        51.12107623318386,
        51.5695067264574,
        51.5695067264574
      ]
    },
    "advanced_rvnn": {
      "train_loss": [
        1.2353590690728389,
        1.025660256544749,
        0.996038530812119,
        0.9635841250419617,
        0.9382434451218807,
        0.9388888315720991,
        0.9152746326995619,
        0.9151500770539949,
        0.898651634201859,
        0.9143753485246138,
        0.9033702377117041,
        0.9099302671172402,
        0.896275753324682,
        0.881176289283868,
        0.8906433203003623,
        0.8860704266663754,
        0.911833253773776,
        0.9007787505785624,
        0.891621754024968,
        0.8805055618286133,
        0.8871253187006171,
        0.8773432915860956,
        0.9097051548235344
      ],
      "val_loss": [
        1.1694785867418562,
        1.0262827617781503,
        0.9891863891056606,
        0.9694742390087673,
        0.9511008262634277,
        0.955735342843192,
        0.9469607983316694,
        0.9281793236732483,
        0.9287480201039996,
        0.9574221457753863,
        0.9325130752154759,
        0.9385644282613482,
        0.9222053119114467,
        0.9351372293063572,
        0.9309657216072083,
        0.9223060011863708,
        0.931135322366442,
        0.9261015994208199,
        0.9261415260178703,
        0.9151085104261126,
        0.9033301813261849,
        0.9356994118009295,
        0.9094537837164742
      ],