{
  "baseline_rvnn": {
    "metrics": {
      "accuracy": 0.23387096774193547,
      "precision": 0.054695629552549425,
      "recall": 0.23387096774193547,
      "f1_score": 0.08865696816360953
    },
    "confusion_matrix": [
      [
        0,
        0,
        34,
        0
      ],
      [
        0,
        0,
        29,
        0
      ],
      [
        0,
        0,
        29,
        0
      ],
      [
        0,
        0,
        32,
        0
      ]
    ]
  },
  "novel_tgnn": {
    "metrics": {
      "accuracy": 0.27419354838709675,
      "precision": 0.07518210197710717,
      "recall": 0.27419354838709675,
      "f1_score": 0.1180073499387505
    },
    "confusion_matrix": [
      [
        34,
        0,
        0,
        0
      ],
      [
        29,
        0,
        0,
        0
      ],
      [
        29,
        0,
        0,
        0
      ],
      [
        32,
        0,
        0,
        0
      ]
    ]
  },
  "novel_transformer_gnn": {
    "metrics": {
      "accuracy": 0.27419354838709675,
      "precision": 0.07518210197710717,
      "recall": 0.27419354838709675,
      "f1_score": 0.1180073499387505
    },
    "confusion_matrix": [
      [
        34,
        0,
        0,
        0
      ],
      [
        29,
        0,
        0,
        0
      ],
      [
        29,
        0,
        0,
        0
      ],
      [
        32,
        0,
        0,
        0
      ]
    ]
  }
}