{
  "baseline_rvnn": {
    "metrics": {
      "accuracy": 0.25806451612903225,
      "precision": 0.06659729448491154,
      "recall": 0.25806451612903225,
      "f1_score": 0.10587262200165426
    },
    "confusion_matrix": [
      [
        0,
        0,
        0,
        31
      ],
      [
        0,
        0,
        0,
        27
      ],
      [
        0,
        0,
        0,
        34
      ],
      [
        0,
        0,
        0,
        32
      ]
    ]
  },
  "novel_tgnn": {
    "metrics": {
      "accuracy": 0.25,
      "precision": 0.0625,
      "recall": 0.25,
      "f1_score": 0.1
    },
    "confusion_matrix": [
      [
        31,
        0,
        0,
        0
      ],
      [
        27,
        0,
        0,
        0
      ],
      [
        34,
        0,
        0,
        0
      ],
      [
        32,
        0,
        0,
        0
      ]
    ]
  },
  "novel_transformer_gnn": {
    "metrics": {
      "accuracy": 0.25,
      "precision": 0.0625,
      "recall": 0.25,
      "f1_score": 0.1
    },
    "confusion_matrix": [
      [
        31,
        0,
        0,
        0
      ],
      [
        27,
        0,
        0,
        0
      ],
      [
        34,
        0,
        0,
        0
      ],
      [
        32,
        0,
        0,
        0
      ]
    ]
  }
}