{
  "baseline_rvnn": {
    "metrics": {
      "accuracy": 0.26339285714285715,
      "precision": 0.06937579719387756,
      "recall": 0.26339285714285715,
      "f1_score": 0.10982458354366482
    },
    "confusion_matrix": [
      [
        0,
        60,
        0,
        0
      ],
      [
        0,
        59,
        0,
        0
      ],
      [
        0,
        49,
        0,
        0
      ],
      [
        0,
        56,
        0,
        0
      ]
    ]
  },
  "novel_tgnn": {
    "metrics": {
      "accuracy": 0.25,
      "precision": 0.0625,
      "recall": 0.25,
      "f1_score": 0.1
    },
    "confusion_matrix": [
      [
        0,
        0,
        0,
        60
      ],
      [
        0,
        0,
        0,
        59
      ],
      [
        0,
        0,
        0,
        49
      ],
      [
        0,
        0,
        0,
        56
      ]
    ]
  },
  "novel_transformer_gnn": {
    "metrics": {
      "accuracy": 0.25,
      "precision": 0.0625,
      "recall": 0.25,
      "f1_score": 0.1
    },
    "confusion_matrix": [
      [
        0,
        0,
        0,
        60
      ],
      [
        0,
        0,
        0,
        59
      ],
      [
        0,
        0,
        0,
        49
      ],
      [
        0,
        0,
        0,
        56
      ]
    ]
  }
}