{
  "baseline_rvnn": {
    "metrics": {
      "accuracy": 0.26785714285714285,
      "precision": 0.07174744897959183,
      "recall": 0.26785714285714285,
      "f1_score": 0.11317907444668007
    },
    "confusion_matrix": [
      [
        0,
        52,
        0,
        0
      ],
      [
        0,
        60,
        0,
        0
      ],
      [
        0,
        53,
        0,
        0
      ],
      [
        0,
        59,
        0,
        0
      ]
    ]
  },
  "novel_tgnn": {
    "metrics": {
      "accuracy": 0.26785714285714285,
      "precision": 0.07174744897959183,
      "recall": 0.26785714285714285,
      "f1_score": 0.11317907444668007
    },
    "confusion_matrix": [
      [
        0,
        52,
        0,
        0
      ],
      [
        0,
        60,
        0,
        0
      ],
      [
        0,
        53,
        0,
        0
      ],
      [
        0,
        59,
        0,
        0
      ]
    ]
  },
  "novel_transformer_gnn": {
    "metrics": {
      "accuracy": 0.23660714285714285,
      "precision": 0.055982940051020405,
      "recall": 0.23660714285714285,
      "f1_score": 0.09054280556988138
    },
    "confusion_matrix": [
      [
        0,
        0,
        52,
        0
      ],
      [
        0,
        0,
        60,
        0
      ],
      [
        0,
        0,
        53,
        0
      ],
      [
        0,
        0,
        59,
        0
      ]
    ]
  }
}