{
  "baseline_rvnn": {
    "train_loss": [
      1.3897135185472893,
      1.3910590626976707,
      1.3877630414384785,
      1.386727632898273,
      1.3863751671530984,
      1.3877408215493867,
      1.3857698259931621,
      1.388214147452152,
      1.3885072867075603,
      1.3878205292152637,
      1.3878220789360278,
      1.3872590065002441,
      1.3872792359554407
    ],
    "val_loss": [
      1.3848890917641776,
      1.3888641425541468,
      1.3839057854243688,
      1.3859031370707922,
      1.3860345567975725,
      1.3864057574953352,
      1.3880852801459176,
      1.3865109171186174,
      1.3867434774126326,
      1.3866245746612549,
      1.386962856565203,
      1.3869708946772985,
      1.3866712195532662
    ],
    "train_acc": [
      25.407478427612656,
      22.818791946308725,
      27.03739213806328,
      26.07861936720997,
      27.13326941514861,
      24.448705656759348,
      26.845637583892618,
      24.73633748801534,
      25.215723873441995,
      24.73633748801534,
      23.48993288590604,
      24.928092042186,
      25.215723873441995
    ],
    "val_acc": [
      28.251121076233183,
      22.869955156950674,
      28.251121076233183,
      28.251121076233183,
      24.2152466367713,
      22.869955156950674,
      24.2152466367713,
      22.869955156950674,
      22.869955156950674,
      22.869955156950674,
      22.869955156950674,
      22.869955156950674,
      22.869955156950674
    ]
  },
  "novel_tgnn": {
    "train_loss": [
      1.3930330601605503,
      1.390459696451823,
      1.3899886716495862,
      1.3874428850231748,
      1.3878330570278745,
      1.3866466753410571,
      1.386946819045327,
      1.3856083046306262,
      1.3879846515077534,
      1.38765283425649,
      1.3870988361763232,
      1.3869938453038533,
      1.3878094680381543,
      1.3864441712697346,
      1.386804410905549,
      1.3871782512375803,
      1.3869331099770286
    ],
    "val_loss": [
      1.3858829396111625,
      1.3867104394095284,
      1.386752792767116,
      1.3865057911191667,
      1.386299661227635,
      1.3865528106689453,
      1.3858770983559745,
      1.3860162837164742,
      1.3862301111221313,
      1.3861731461116247,
      1.3865631989070348,
      1.3865248646054948,
      1.386420522417341,
      1.3864091634750366,
      1.3864329712731498,
      1.3864288330078125,
      1.3863841124943324
    ],
    "train_acc": [
      23.48993288590604,
      23.585810162991372,
      24.065196548418026,
      25.023969319271334,
      24.54458293384468,
      23.777564717162033,
      25.503355704697988,
      26.174496644295303,
      24.161073825503355,
      24.065196548418026,
      23.39405560882071,
      23.873441994247365,
      24.83221476510067,
      24.256951102588687,
      25.215723873441995,
      23.6816874400767,
      25.023969319271334
    ],
    "val_acc": [
      24.2152466367713,
      24.663677130044842,
      24.663677130044842,
      24.663677130044842,
      24.663677130044842,
      24.663677130044842,
      24.663677130044842,
      24.2152466367713,
      24.2152466367713,
      24.2152466367713,
      24.663677130044842,
      24.663677130044842,
      24.663677130044842,
      24.663677130044842,
      24.2152466367713,
      24.2152466367713,
      24.2152466367713
    ]
  },
  "novel_transformer_gnn": {
    "train_loss": [
      1.4006544351577759,
      1.393009066581726,
      1.398774266242981,
      1.3945168690247969,
      1.3929232069940278,
      1.3957360549406572,
      1.390971060955163,
      1.389430284500122,
      1.3858579866813892,
      1.3873441291577888,
      1.3892772667335742,
      1.389527273900581,
      1.3886283599969111,
      1.3883259657657507,
      1.3870015144348145,
      1.3871019067186299,
      1.387370835651051,
      1.3862907416892774,
      1.3870164878440625,
      1.3861619812069517
    ],
    "val_loss": [
      1.3851742574146815,
      1.3863577672413416,
      1.3872344664164953,
      1.390446594783238,
      1.3914727824074882,
      1.3865976674216134,
      1.3864795310156686,
      1.3858748844691686,
      1.3858496972492762,
      1.3847418682915824,
      1.386400580406189,
      1.387516873223441,
      1.388176713671003,
      1.3880981377192907,
      1.3870790685926164,
      1.3874067068099976,
      1.387562326022557,
      1.3874742984771729,
      1.3875949723379952,
      1.386998006275722
    ],
    "train_acc": [
      25.407478427612656,
      23.48993288590604,
      23.969319271332694,
      24.448705656759348,
      25.311601150527324,
      24.161073825503355,
      24.73633748801534,
      25.407478427612656,
      24.54458293384468,
      25.599232981783317,
      25.311601150527324,
      24.928092042186,
      24.54458293384468,
      24.35282837967402,
      25.982742090124642,
      26.749760306807286,
      25.503355704697988,
      25.790987535953978,
      26.653883029721957,
      26.366251198465964
    ],
    "val_acc": [
      24.663677130044842,
      22.869955156950674,
      24.2152466367713,
      24.2152466367713,
      24.2152466367713,
      24.2152466367713,
      24.2152466367713,
      28.251121076233183,
      24.2152466367713,
      28.251121076233183,
      24.663677130044842,
      24.663677130044842,
      24.2152466367713,
      24.2152466367713,
      24.2152466367713,
      24.2152466367713,
      24.2152466367713,
      24.2152466367713,
      24.2152466367713,
      24.2152466367713
    ]
  }
}