{
  "baseline_rvnn": {
    "train_loss": [
      1.3887204792764452,
      1.3959529598553975,
      1.3839784794383578,
      1.391662809583876,
      1.3886690603362188,
      1.3881884945763483,
      1.3879904747009277,
      1.3883717192543878,
      1.386377427313063,
      1.3892100519604154,
      1.3856232629881964,
      1.3878948754734464,
      1.3882093098428514,
      1.3871647583113775,
      1.3884371916453044,
      1.3862342569563124,
      1.388441092438168,
      1.3869348764419556,
      1.3888973792394002,
      1.3872610330581665,
      1.3873203926616244,
      1.386327200465732,
      1.3871020939615037,
      1.3868334889411926,
      1.3870597812864516
    ],
    "val_loss": [
      1.3875336945056915,
      1.3858206272125244,
      1.394146203994751,
      1.388039469718933,
      1.3887297213077545,
      1.3891582787036896,
      1.3855812549591064,
      1.3871508240699768,
      1.3866308331489563,
      1.3853651583194733,
      1.3866682052612305,
      1.385321706533432,
      1.386010617017746,
      1.3851589858531952,
      1.3838022947311401,
      1.387668251991272,
      1.3870383501052856,
      1.3865979313850403,
      1.385178029537201,
      1.3850867450237274,
      1.3846452236175537,
      1.3848846554756165,
      1.3859017491340637,
      1.3845230340957642,
      1.3849100172519684
    ],
    "train_acc": [
      26.748251748251747,
      22.727272727272727,
      26.04895104895105,
      22.202797202797203,
      27.272727272727273,
      23.076923076923077,
      23.776223776223777,
      25.6993006993007,
      24.825174825174827,
      23.251748251748253,
      25.6993006993007,
      25.34965034965035,
      25.34965034965035,
      26.04895104895105,
      25.34965034965035,
      26.04895104895105,
      23.251748251748253,
      26.04895104895105,
      24.65034965034965,
      22.902097902097903,
      23.95104895104895,
      24.3006993006993,
      23.076923076923077,
      21.503496503496503,
      22.902097902097903
    ],
    "val_acc": [
      20.491803278688526,
      29.508196721311474,
      20.491803278688526,
      27.868852459016395,
      27.868852459016395,
      20.491803278688526,
      20.491803278688526,
      20.491803278688526,
      20.491803278688526,
      20.491803278688526,
      20.491803278688526,
      29.508196721311474,
      20.491803278688526,
      29.508196721311474,
      27.868852459016395,
      20.491803278688526,
      20.491803278688526,
      27.868852459016395,
      27.868852459016395,
      27.868852459016395,
      27.868852459016395,
      27.868852459016395,
      27.868852459016395,
      27.868852459016395,
      27.868852459016395
    ]
  },
  "novel_tgnn": {
    "train_loss": [
      1.4070849352412753,
      1.3895926409297519,
      1.3894966906971402,
      1.387946903705597,
      1.385149982240465,
      1.3890922665596008,
      1.3917002413007948,
      1.3864635560247633,
      1.3869041668044195,
      1.3878669208950467,
      1.389910552236769,
      1.3895686599943373,
      1.3862766755951776,
      1.3867596454090543,
      1.3865226772096422,
      1.3873000741004944,
      1.3865849177042644,
      1.385529637336731,
      1.3856158521440294,
      1.386571228504181,
      1.387260417143504,
      1.388972368505266,
      1.385709524154663,
      1.3855339752303228,
      1.385803798834483,
      1.3890888624721103,
      1.386695471074846,
      1.3862157927619085,
      1.3875134918424818,
      1.386145101653205
    ],
    "val_loss": [
      1.397999256849289,
      1.3966927826404572,
      1.39413183927536,
      1.3958652913570404,
      1.3935641944408417,
      1.3932922780513763,
      1.3949199616909027,
      1.3954330384731293,
      1.3929477035999298,
      1.3934150338172913,
      1.3925391137599945,
      1.3943134546279907,
      1.3938812613487244,
      1.392551988363266,
      1.3927481770515442,
      1.3925339877605438,
      1.3926028311252594,
      1.3919832706451416,
      1.3916145265102386,
      1.3908026218414307,
      1.3914371728897095,
      1.3920430541038513,
      1.3919691443443298,
      1.3917223513126373,
      1.39116770029068,
      1.3907142281532288,
      1.3910576701164246,
      1.3911299407482147,
      1.3909249901771545,
      1.3910839557647705
    ],
    "train_acc": [
      21.32867132867133,
      24.65034965034965,
      24.475524475524477,
      25.0,
      24.125874125874127,
      25.874125874125873,
      21.32867132867133,
      25.874125874125873,
      25.874125874125873,
      24.65034965034965,
      24.475524475524477,
      23.426573426573427,
      25.6993006993007,
      25.6993006993007,
      23.776223776223777,
      24.65034965034965,
      23.251748251748253,
      26.3986013986014,
      25.524475524475523,
      22.902097902097903,
      23.426573426573427,
      25.6993006993007,
      26.223776223776223,
      26.573426573426573,
      25.524475524475523,
      22.552447552447553,
      25.34965034965035,
      26.223776223776223,
      23.426573426573427,
      25.874125874125873
    ],
    "val_acc": [
      22.131147540983605,
      22.131147540983605,
      22.131147540983605,
      22.131147540983605,
      22.131147540983605,
      22.131147540983605,
      22.131147540983605,
      22.131147540983605,
      22.131147540983605,
      22.131147540983605,
      22.131147540983605,
      22.131147540983605,
      22.131147540983605,
      22.131147540983605,
      22.131147540983605,
      22.131147540983605,
      22.131147540983605,
      22.131147540983605,
      22.131147540983605,
      22.131147540983605,
      18.852459016393443,
      22.131147540983605,
      22.131147540983605,
      22.131147540983605,
      20.491803278688526,
      20.491803278688526,
      22.131147540983605,
      22.131147540983605,
      20.491803278688526,
      20.491803278688526
    ]
  },
  "novel_transformer_gnn": {
    "train_loss": [
      1.3940378758642409,
      1.398899839984046,
      1.3929468790690105,
      1.3990438580513,
      1.403100272019704,
      1.3949351045820448,
      1.394885500272115,
      1.3953276938862271,
      1.3961365156703525,
      1.395436856481764,
      1.391378402709961,
      1.389482809437646,
      1.3849535253312852,
      1.3846861256493463,
      1.385564512676663,
      1.386886133088006,
      1.3917855951521132,
      1.3895095388094585
    ],
    "val_loss": [
      1.3907516300678253,
      1.386421114206314,
      1.3898750841617584,
      1.3860174119472504,
      1.3836447298526764,
      1.3902448415756226,
      1.3913086950778961,
      1.3832531869411469,
      1.3993220627307892,
      1.3866042792797089,
      1.3934269547462463,
      1.3889557123184204,
      1.3878157138824463,
      1.3840814232826233,
      1.3853465020656586,
      1.3872966170310974,
      1.3901081085205078,
      1.3900414109230042
    ],
    "train_acc": [
      25.0,
      23.6013986013986,
      25.34965034965035,
      24.125874125874127,
      24.125874125874127,
      22.377622377622377,
      24.125874125874127,
      25.524475524475523,
      25.874125874125873,
      25.524475524475523,
      22.902097902097903,
      27.097902097902097,
      26.04895104895105,
      26.3986013986014,
      26.923076923076923,
      24.65034965034965,
      25.174825174825173,
      22.377622377622377
    ],
    "val_acc": [
      20.491803278688526,
      27.868852459016395,
      22.131147540983605,
      27.868852459016395,
      29.508196721311474,
      22.131147540983605,
      22.131147540983605,
      27.868852459016395,
      22.131147540983605,
      27.868852459016395,
      22.131147540983605,
      27.868852459016395,
      29.508196721311474,
      29.508196721311474,
      29.508196721311474,
      20.491803278688526,
      20.491803278688526,
      20.491803278688526
    ]
  }
}