{
  "baseline_rvnn": {
    "train_loss": [
      1.3913890412359526,
      1.3871129389965173,
      1.3876848943305737,
      1.3870365511287341,
      1.3873843677116162,
      1.387184486244664,
      1.389517321731105,
      1.3859040484283909,
      1.3902827140056726,
      1.3865450729023328,
      1.3886199647730046,
      1.388149507117994,
      1.387653325543259,
      1.3873874310291174,
      1.3868055777116255,
      1.386545018716292
    ],
    "val_loss": [
      1.392452699797494,
      1.3912464720862252,
      1.3925166640962874,
      1.3903803655079432,
      1.388830031667437,
      1.3878536564963204,
      1.3901146820613317,
      1.3903549228395735,
      1.3889728273664201,
      1.3897527967180525,
      1.3895866019385201,
      1.3888714143208094,
      1.3902441774095808,
      1.390276619366237,
      1.3899150746209281,
      1.3897427490779333
    ],
    "train_acc": [
      23.202301054650047,
      23.585810162991372,
      24.54458293384468,
      25.69511025886865,
      25.023969319271334,
      24.256951102588687,
      23.969319271332694,
      28.37967401725791,
      24.256951102588687,
      25.69511025886865,
      24.161073825503355,
      24.161073825503355,
      24.35282837967402,
      25.311601150527324,
      25.215723873441995,
      27.4209012464046
    ],
    "val_acc": [
      17.937219730941703,
      17.937219730941703,
      17.937219730941703,
      17.937219730941703,
      17.937219730941703,
      17.937219730941703,
      17.937219730941703,
      17.937219730941703,
      17.937219730941703,
      17.937219730941703,
      17.937219730941703,
      17.937219730941703,
      17.937219730941703,
      17.937219730941703,
      17.937219730941703,
      17.937219730941703
    ]
  },
  "novel_tgnn": {
    "train_loss": [
      1.3948638439178467,
      1.3906126166834976,
      1.3871930295770818,
      1.3898893847610012,
      1.3881379943905454,
      1.3861036409031262,
      1.386548486622897,
      1.3872032707387751,
      1.3858808568029692,
      1.3862207911231301,
      1.3857885346268162,
      1.3867880214344372
    ],
    "val_loss": [
      1.3907886402947562,
      1.3886995996747697,
      1.3904948234558105,
      1.3891056094850813,
      1.391709532056536,
      1.3906838212694441,
      1.390128220830645,
      1.3897291421890259,
      1.3907945496695382,
      1.3917968273162842,
      1.391758748463222,
      1.3919624430792672
    ],
    "train_acc": [
      24.448705656759348,
      23.969319271332694,
      24.73633748801534,
      23.39405560882071,
      26.366251198465964,
      26.174496644295303,
      26.653883029721957,
      24.73633748801534,
      25.69511025886865,
      25.599232981783317,
      26.749760306807286,
      25.215723873441995
    ],
    "val_acc": [
      17.937219730941703,
      27.3542600896861,
      17.937219730941703,
      17.937219730941703,
      17.937219730941703,
      17.937219730941703,
      17.937219730941703,
      17.937219730941703,
      17.937219730941703,
      17.937219730941703,
      17.937219730941703,
      17.937219730941703
    ]
  },
  "novel_transformer_gnn": {
    "train_loss": [
      1.39784933942737,
      1.3970237934228145,
      1.3923780701377175,
      1.3949831796414924,
      1.3927800041256528,
      1.3926145922053943,
      1.3938982956337207,
      1.3897135763457327,
      1.3878041180697354,
      1.3875167694958774,
      1.3856808380647139,
      1.390633731177359
    ],
    "val_loss": [
      1.3956430980137415,
      1.3847990206309728,
      1.3991740771702357,
      1.3896707466670446,
      1.3939917939049857,
      1.385378701346261,
      1.3848376955304826,
      1.385621462549482,
      1.3856746809823173,
      1.390678950718471,
      1.3953979526247298,
      1.3865926606314523
    ],
    "train_acc": [
      23.969319271332694,
      24.64046021093001,
      27.516778523489933,
      25.023969319271334,
      24.73633748801534,
      24.64046021093001,
      24.065196548418026,
      25.503355704697988,
      23.202301054650047,
      24.73633748801534,
      25.790987535953978,
      24.83221476510067
    ],
    "val_acc": [
      17.937219730941703,
      28.251121076233183,
      17.937219730941703,
      28.251121076233183,
      17.937219730941703,
      28.251121076233183,
      26.457399103139014,
      28.251121076233183,
      27.3542600896861,
      17.937219730941703,
      17.937219730941703,
      26.457399103139014
    ]
  }
}