{
  "baseline_rvnn": {
    "train_loss": [
      1.3901849389076233,
      1.385476549466451,
      1.386201196246677,
      1.3915438652038574,
      1.3888315757115681,
      1.392178197701772,
      1.3899952835506864,
      1.3879577649964228,
      1.3871741559770372,
      1.387929207748837,
      1.3866543240017362,
      1.3885772029558818,
      1.3879432479540508,
      1.3870433304044936,
      1.3874339991145663
    ],
    "val_loss": [
      1.3907321095466614,
      1.3974252343177795,
      1.3912266790866852,
      1.3943763673305511,
      1.3892262279987335,
      1.392245352268219,
      1.3912180960178375,
      1.3934658467769623,
      1.3918326497077942,
      1.3906822204589844,
      1.3893656432628632,
      1.393442541360855,
      1.3916943073272705,
      1.3897888362407684,
      1.3909602761268616
    ],
    "train_acc": [
      22.552447552447553,
      26.04895104895105,
      25.6993006993007,
      22.902097902097903,
      25.524475524475523,
      22.027972027972027,
      23.251748251748253,
      25.524475524475523,
      23.776223776223777,
      24.3006993006993,
      23.776223776223777,
      26.04895104895105,
      25.0,
      24.475524475524477,
      23.95104895104895
    ],
    "val_acc": [
      18.852459016393443,
      18.852459016393443,
      18.852459016393443,
      18.852459016393443,
      18.852459016393443,
      26.229508196721312,
      18.852459016393443,
      18.852459016393443,
      18.852459016393443,
      18.852459016393443,
      18.852459016393443,
      18.852459016393443,
      18.852459016393443,
      18.852459016393443,
      18.852459016393443
    ]
  },
  "novel_tgnn": {
    "train_loss": [
      1.3967501918474834,
      1.388243556022644,
      1.393619219462077,
      1.3953855832417805,
      1.3894499937693279,
      1.3909925950898065,
      1.3902266489134893,
      1.3887440297338698,
      1.387439449628194,
      1.3871364725960627,
      1.3872941666179233,
      1.3874016602834065
    ],
    "val_loss": [
      1.3824508786201477,
      1.3809591233730316,
      1.3829769790172577,
      1.3821736574172974,
      1.3821515142917633,
      1.3825813233852386,
      1.3818629086017609,
      1.3819520771503448,
      1.3822268843650818,
      1.3824377059936523,
      1.3828238248825073,
      1.3828751742839813
    ],
    "train_acc": [
      24.65034965034965,
      23.251748251748253,
      22.377622377622377,
      19.93006993006993,
      22.377622377622377,
      23.076923076923077,
      23.776223776223777,
      24.3006993006993,
      23.6013986013986,
      23.251748251748253,
      24.65034965034965,
      23.776223776223777
    ],
    "val_acc": [
      27.868852459016395,
      26.229508196721312,
      26.229508196721312,
      26.229508196721312,
      26.229508196721312,
      26.229508196721312,
      26.229508196721312,
      26.229508196721312,
      26.229508196721312,
      26.229508196721312,
      26.229508196721312,
      26.229508196721312
    ]
  },
  "novel_transformer_gnn": {
    "train_loss": [
      1.3990324073367648,
      1.4144058624903362,
      1.398691283331977,
      1.4038244883219402,
      1.4009696311420865,
      1.3878424631224737,
      1.3958670165803697,
      1.3917014731301203,
      1.3914699951807659,
      1.392624106672075,
      1.3879975345399644,
      1.3887399302588568,
      1.3868265019522772,
      1.3864096403121948
    ],
    "val_loss": [
      1.4011138081550598,
      1.3891859352588654,
      1.3913286924362183,
      1.3777367770671844,
      1.388834536075592,
      1.3890672326087952,
      1.383073478937149,
      1.3843790292739868,
      1.3873004615306854,
      1.3885526955127716,
      1.3875066637992859,
      1.38697749376297,
      1.384405940771103,
      1.3819515109062195
    ],
    "train_acc": [
      24.825174825174827,
      20.454545454545453,
      24.3006993006993,
      24.825174825174827,
      24.3006993006993,
      26.3986013986014,
      23.6013986013986,
      25.524475524475523,
      24.825174825174827,
      24.475524475524477,
      24.125874125874127,
      25.34965034965035,
      26.04895104895105,
      24.475524475524477
    ],
    "val_acc": [
      18.852459016393443,
      26.229508196721312,
      26.229508196721312,
      28.688524590163933,
      18.852459016393443,
      26.229508196721312,
      26.229508196721312,
      26.229508196721312,
      26.229508196721312,
      26.229508196721312,
      26.229508196721312,
      26.229508196721312,
      26.229508196721312,
      26.229508196721312
    ]
  }
}